avg,title
48373.227969348659,Assistant Engineer
48496.812625466017,Engineer
47928.500000000000,Manager
48458.018058342337,Senior Engineer
58347.206482930156,Senior Staff
58370.030562488002,Staff
48228.812205270458,Technique Leader
